title,company,location,link
Python Developer,Shuup Commerce Inc,Remote,https://www.indeed.com/viewjob?jk=0676dccb294d5a2f
Data Scientist with Python Eco-Systems,Digital Dhara,Remote,https://www.indeed.com/viewjob?jk=7274ed2e8bd3ba45
Software Engineer Intern,Flowell: Technology & Community Co.,Remote,https://www.indeed.com/viewjob?jk=94aeed9cdb8ac1ee
"Consulting Summer Associate, Analytics & Data Strategy",Breakwater Solutions,Remote,https://www.indeed.com/viewjob?jk=21c2d0770b94d5d2
Junior Data Analyst,ZealNine,"Irving, TX",https://www.indeed.com/viewjob?jk=285eb7525a8031a8
Job Opportunity: Tableau/Python Developer with ETL,ACESTACK LLC,Remote,https://www.indeed.com/viewjob?jk=1c1b8b342cb130c2
Python Developer,Emonics LLC,Remote,https://www.indeed.com/viewjob?jk=b75a7f74a6aaaecc
Python Coding Instructor (Elementary),K12 Learning Experience,Remote,https://www.indeed.com/viewjob?jk=b988ac57f8cad1f3
Python Trainer,Seven Mentor Pvt Ltd.,Remote,https://www.indeed.com/viewjob?jk=8d8667606ccd3504
Mirth/SQL/JavaScript/Python ETL Developer,"FiveSix Healthcare, Inc.",Remote,https://www.indeed.com/viewjob?jk=981c1be58c8e7520
Jr. Python Developer,Dash Technologies Inc,"New York, NY",https://www.indeed.com/viewjob?jk=7ca89883b29b4fc2
Data Science Intern,Noodle,Remote,https://www.indeed.com/viewjob?jk=a5a19a9e45b20f07
Sr. Python Developer,Curative Inc.,Remote,https://www.indeed.com/viewjob?jk=4785d4017688545e
Data Scientist,Concentric Corp.,"Omaha, NE",https://www.indeed.com/viewjob?jk=d4faa36d93193e10
Intern,PRA Health Sciences,Remote,https://www.indeed.com/viewjob?jk=4dceb7b9bce64e4b
Python Developer,Winwire Technologies,Remote,https://www.indeed.com/viewjob?jk=da20bd8982c25391
Python / AWS Engineer,Regent Technology Solutions Inc,Remote,https://www.indeed.com/viewjob?jk=88d8f61580303216
Personal Assistant to CEO,Confidential,"Austin, TX",https://www.indeed.com/viewjob?jk=8d4d97179db17ac5
Quantitative Trader - Entry Level,Avatar Securities,"Chicago, IL",https://www.indeed.com/viewjob?jk=d01efa8dad29efdc
Python Developer - Full time - 100% Remote even after Covid,klap6,Remote,https://www.indeed.com/viewjob?jk=7ce8479da92842fc
fd,tengweitech,Remote,https://www.indeed.com/viewjob?jk=17b0694a37061d15
Python Developer,Inficare Limited,"Plano, TX",https://www.indeed.com/viewjob?jk=61c0001a014938a1
Sr. Data Scientist with Python and Machining Learning,Simplex Info,Remote,https://www.indeed.com/viewjob?jk=6cc394bf45a0a5c8
Application Developer Intern,Jelecos,"Omaha, NE",https://www.indeed.com/viewjob?jk=41b407af32ce7012
Applied Scientist - Climate / Weather,Descartes Labs,Remote,https://www.indeed.com/viewjob?jk=86d03594a1c4430f
Python Developer,DevCool Inc.,Remote,https://www.indeed.com/viewjob?jk=f6c5f81902e826eb
Data Scientist - Entry Level,Numerdox,"Sacramento, CA",https://www.indeed.com/viewjob?jk=3dde0133818987f0
Remote Junior Web Developer,Scopic,Remote,https://www.indeed.com/viewjob?jk=0bda2a0e627c8c9a
Coding Instructor,Siliconvalley4u,Remote,https://www.indeed.com/viewjob?jk=4e1fad49df43b092
Python Developer,Web Rocket Media,Remote,https://www.indeed.com/viewjob?jk=c6a3a3ff023fe4d0
Data Analyst,Predictwise,Remote,https://www.indeed.com/viewjob?jk=027a5ae284ff7c2f
Python Developer,IStream Solutions,Remote,https://www.indeed.com/viewjob?jk=c72316c872b45feb
Junior Power BI Analyst (Remote Contract),Gap Inc.,Remote,https://www.indeed.com/viewjob?jk=79340b5eeb53fc2d
Python Developer Intern,OXO Solutions,"Ruby, SC",https://www.indeed.com/viewjob?jk=84a541c104b5b24c
Jr. Python Developer,"Futrend Technology, Inc.","Rockville, MD",https://www.indeed.com/viewjob?jk=8f775c9704d8b424
"Database Developer (SQL, Python, AWS- Redshift)",TELUS,"Denver, CO",https://www.indeed.com/viewjob?jk=aa054e7a2198c835
Software Developer – Entry Level,Grant Street Group,Remote,https://www.indeed.com/viewjob?jk=a7ccfdbc4fc68bf4
Software Engineer,"Select Innovations, Inc.",Remote,https://www.indeed.com/viewjob?jk=e22573d058e7fec7
Python Developer,Leadroll,Remote,https://www.indeed.com/viewjob?jk=5c27044cd3943e38
"Reporting Analyst (Tableau, SQL, Python, AWS - Redshift)",TELUS,"Denver, CO",https://www.indeed.com/viewjob?jk=a031faf40c82bc6b
Python developer,Luxoft,"New York, NY",https://www.indeed.com/viewjob?jk=2666cf6f37834b4d
ETL Production Support,Wells Fargo Bank,"De Soto, IA",https://www.indeed.com/viewjob?jk=7e2d381df1b80647
Software Engineer Intern,Tech For Good Inc,Remote,https://www.indeed.com/viewjob?jk=6b1625927ed68ac7
Backend Python Engineer,Sunday,Remote,https://www.indeed.com/viewjob?jk=6e268d56f030a77e
"Data Scientist - Need min 3 years US work experience, Python is must",Simplex Info,Remote,https://www.indeed.com/viewjob?jk=21be0c6f25ad22f3
Python Developer,Nasscomm,Remote,https://www.indeed.com/viewjob?jk=f386e3cf3fc9df4c
Portfolio Administrator,O'Neil Global Advisors,Remote,https://www.indeed.com/viewjob?jk=b3e9f5d3224d407c
Cyber Security Intern,Careful Security,Remote,https://www.indeed.com/viewjob?jk=adb5fce46cf7ab2b
Senior AWS/Python Software Developer,AeroPay,"Chicago, IL",https://www.indeed.com/viewjob?jk=9ca3af89cfcb7494
BASICS Consultant - Python Development,Internews,Remote,https://www.indeed.com/viewjob?jk=edb59cd10b664b7c
Python Developer (Multithreading / multiprocessing + AI),Sizzle,Remote,https://www.indeed.com/viewjob?jk=23766620d56dbe9d
Python Developer,ADIFICE TECHNOLOGIES,Remote,https://www.indeed.com/viewjob?jk=2ca67b1de59cb743
Clinical Research Associate I,University of Nebraska Medical Center,"Omaha, NE",https://www.indeed.com/viewjob?jk=2ab460b6b68c09e5
Python Developer,IStream Solutions,Remote,https://www.indeed.com/viewjob?jk=c72316c872b45feb
Python Tutors,Nestria,Remote,https://www.indeed.com/viewjob?jk=ba6afac4c69a0a40
Cyber Security Intern,Careful Security,Remote,https://www.indeed.com/viewjob?jk=adb5fce46cf7ab2b
Python Developer,Sconcept,Remote,https://www.indeed.com/viewjob?jk=2e60ed84db7e47d4
Entry Level - Associate Data Scientist,IBM,"Austin, TX",https://www.indeed.com/viewjob?jk=6e8d85b5f9fcb5de
Python Developer,Winwire Technologies,Remote,https://www.indeed.com/viewjob?jk=da20bd8982c25391
Job Opportunity: Informatica ETL Developer (Python API),ACESTACK LLC,Remote,https://www.indeed.com/viewjob?jk=4a79a2777a5a1290
Software Developer – Entry Level,Grant Street Group,Remote,https://www.indeed.com/viewjob?jk=a7ccfdbc4fc68bf4
Jr. Python developer(W2 roles),Go8IT,"Plainsboro, NJ",https://www.indeed.com/viewjob?jk=cd63e803059912aa
Threat Analyst,National Security Agency,"Fort Meade, MD",https://www.indeed.com/viewjob?jk=8099740382a5ab80
Senior AWS/Python Software Developer,AeroPay,"Chicago, IL",https://www.indeed.com/viewjob?jk=9ca3af89cfcb7494
Data Analyst,Predictwise,Remote,https://www.indeed.com/viewjob?jk=027a5ae284ff7c2f
Python Developer,Tanpro Technologies,"Dallas, TX",https://www.indeed.com/viewjob?jk=4487d277562078f8
Intermediate Data Scientist,Real Eats America Inc.,Remote,https://www.indeed.com/viewjob?jk=019917fbce1ade13
Python Developer,Web Rocket Media,Remote,https://www.indeed.com/viewjob?jk=c6a3a3ff023fe4d0
Principal Consultant - Power BI (REMOTE),PowerPivotPro,Remote,https://www.indeed.com/viewjob?jk=fe7106dbe38ad737
Remote Support Technician Tier 2,EverCharge,United States,https://www.indeed.com/viewjob?jk=3e72740858e996c4
Python Developer,Strategic Employment Partners,"Costa Mesa, CA",https://www.indeed.com/viewjob?jk=324883cd1f00b132
Data Science Analyst,OTC Direct Inc,"Omaha, NE",https://www.indeed.com/viewjob?jk=30d3e4c893af95ec
Entry-Level Technical Support -Helpdesk,"Sectra North America, Inc.",Remote,https://www.indeed.com/viewjob?jk=ffdea84581fb56ad
Programmer/Analyst I,University of Nebraska Medical Center,"Omaha, NE",https://www.indeed.com/viewjob?jk=9efb18028ceda8da
Python Developer,Hashout Technologies,"Centreville, VA",https://www.indeed.com/viewjob?jk=eb3b7514ed7cc3c1
Data & Integration Engineer,Bulu,"Lincoln, NE",https://www.indeed.com/viewjob?jk=4b8d289b41d08c59
Summer Scholar,Children's Mercy KC,"Kansas City, MO",https://www.indeed.com/viewjob?jk=ccf6dd1da0ccb4c6
Python Developer,Incsub,Remote,https://www.indeed.com/viewjob?jk=d2e6eaf1749c46e6
Product Strategist,Indeed,Remote,https://www.indeed.com/viewjob?jk=ee2f8c08d84657d7
Python/Django Developer,Firstech LLC,"Kent, WA",https://www.indeed.com/viewjob?jk=db519e86aa38865f
Python Django Front End Developer / Designer (Remote),Fourth Estate Public Benefit Corporation,Remote,https://www.indeed.com/viewjob?jk=8b027b5806d07b03
Python Developer,Nasscomm,Remote,https://www.indeed.com/viewjob?jk=f386e3cf3fc9df4c
Business Analyst,Gallup,"Omaha, NE",https://www.indeed.com/viewjob?jk=f24f3598e72f475e
Python Developer/AWS CDK,Ameliom LLC,Remote,https://www.indeed.com/viewjob?jk=ecbeb71d859ed199
Senior Analyst - SQL/Python,Ascension,"St. Louis, MO",https://www.indeed.com/viewjob?jk=e7f1ea38082aaa8e
Backend Python Engineer,Sunday,Remote,https://www.indeed.com/viewjob?jk=6e268d56f030a77e
Finance Intern,Valmont Industries,"Omaha, NE",https://www.indeed.com/viewjob?jk=8f447fe5e4926ec8
Jr. Python Developer,Redzara.com,"Dallas, TX",https://www.indeed.com/viewjob?jk=b449e038f15c6fcc
Software Engineer,The Talent State,"Moberly, MO",https://www.indeed.com/viewjob?jk=7c47b3a27a8ddfa5
Data Engineer Intern,Seattle Data Guy,Remote,https://www.indeed.com/viewjob?jk=1bb43b87aac9c8ca
"Copy Editor, FiveThirtyEight - Part Time",Walt Disney Television,"New York, NY",https://www.indeed.com/viewjob?jk=f92edaec340725f8
Cyber Apprenticeship Program,IBSS,"Washington, DC",https://www.indeed.com/viewjob?jk=170c996dbf26d808
Python developer,Luxoft,"New York, NY",https://www.indeed.com/viewjob?jk=2666cf6f37834b4d
Python Developer,TensorIoT Inc,Remote,https://www.indeed.com/viewjob?jk=ea7be9ae8229a265
Data Scientist - 100% Remote,ThorTech Solutions,Remote,https://www.indeed.com/viewjob?jk=a441430c92b27b63
Bussiness Analyst,Freemind Solutions,Remote,https://www.indeed.com/viewjob?jk=67398e19fef883d1
Consultant,Macedon Technologies,Remote,https://www.indeed.com/viewjob?jk=a8af1cdba8f31f07
Junior Data Analyst,CarePoint Health,"Greenwood Village, CO",https://www.indeed.com/viewjob?jk=0b313125ecab9471
Full Stack Developer Intern,Tech For Good Inc,Remote,https://www.indeed.com/viewjob?jk=4a6880453990f4b1
"Junior Data Scientist, ML R&D","LockerDome, Inc.",Remote,https://www.indeed.com/viewjob?jk=f520fca7843c3c7c
Python Developer/AWS CDK,Ameliom LLC,Remote,https://www.indeed.com/viewjob?jk=ecbeb71d859ed199
Content Creator,LeetCode,Remote,https://www.indeed.com/viewjob?jk=e94af63cb41ad9b5
Audio Acoustics Researcher,Dolby,United States,https://www.indeed.com/viewjob?jk=e6e353ca2ba0f9ca
Summer Data Analyst Intern,Citizen Data,Remote,https://www.indeed.com/viewjob?jk=00a2001684168afe
Jr. Python developer(W2 roles),Go8IT,"Plainsboro, NJ",https://www.indeed.com/viewjob?jk=cd63e803059912aa
Quality Assurance Engineer,BHMI,"Omaha, NE",https://www.indeed.com/viewjob?jk=06124e4619d1f3ee
Python Developer,skysolution llc,Remote,https://www.indeed.com/viewjob?jk=bec20004d32615e1
Python Developer,GeBBs Consulting,"Linthicum Heights, MD",https://www.indeed.com/viewjob?jk=4a0c9fc2df0f0f86
Data Analyst,OBMedia,Remote,https://www.indeed.com/viewjob?jk=1b49c365a1d69874
Python Developer,CSI interfusion,"Redmond, WA",https://www.indeed.com/viewjob?jk=f12d6e58df2b81e7
Intern - Full Stack Development,Educational Media Foundation - K-LOVE & Air1,Remote,https://www.indeed.com/viewjob?jk=110bf370d9726312
Junior Data Analyst,CarePoint Health,"Greenwood Village, CO",https://www.indeed.com/viewjob?jk=0b313125ecab9471
"Software Engineer, Education (Both Ansible and Python Exp. Needed- Remote)",Splunk,"Denver, CO",https://www.indeed.com/viewjob?jk=c2c809aded05ee6b
Product Analyst,Game Insight,Remote,https://www.indeed.com/viewjob?jk=04f896b9be09f77a
Programmer/Analyst I,University of Nebraska Medical Center,"Omaha, NE",https://www.indeed.com/viewjob?jk=9efb18028ceda8da
Junior Python Developer,Katana Financial,"New York, NY",https://www.indeed.com/viewjob?jk=e5ea56e308e1258b
Data Scientist,"Growers Edge Financial, Inc.","Johnston, IA",https://www.indeed.com/viewjob?jk=d09ed6b85354c1ca
Python Developer,TensorIoT Inc,Remote,https://www.indeed.com/viewjob?jk=ea7be9ae8229a265
Remote Support Technician Tier 2,EverCharge,United States,https://www.indeed.com/viewjob?jk=3e72740858e996c4
ETL Developer,Maestro Food Co,Remote,https://www.indeed.com/viewjob?jk=1589c08e2f90f58f
Entry Level/Junior Software Engineer,BAE Systems,"Bellevue, NE",https://www.indeed.com/viewjob?jk=e9a3fb1a137fcfe1
Python Developer,USAN,"Norcross, GA",https://www.indeed.com/viewjob?jk=7efafb876056f207
Summer Intern - Quality & Process Improvement,"Fiserv, Inc.","Omaha, NE",https://www.indeed.com/viewjob?jk=d3503084676610a7
Entry Level - Associate Data Scientist,IBM,"Austin, TX",https://www.indeed.com/viewjob?jk=6e8d85b5f9fcb5de
PL SQL/Snowflake/Python Developer,Gemini Solutions,"Austin, TX",https://www.indeed.com/viewjob?jk=591d7208044bdd6b
Python Coding Instructor,Concorde Education LLC,Remote,https://www.indeed.com/viewjob?jk=786f8c48f1373fd7
"Support Specialist, Junior","OmniVista Solutions, Inc.","Johnston, IA",https://www.indeed.com/viewjob?jk=0491d46aca26ecb9
SOC Analyst I,ProCircular,"Coralville, IA",https://www.indeed.com/viewjob?jk=59215c24a2af4198
Software Dev Engineer I,Amazon.com Services LLC,"Bellevue, WA",https://www.indeed.com/viewjob?jk=bc5eb54b9cdddd96
Senior Python/Django Software Engineer,Checkmate Partners,Remote,https://www.indeed.com/viewjob?jk=1d6ab3040e38a3d3
Angular/Python Developer,Deloitte,"Atlanta, GA",https://www.indeed.com/viewjob?jk=87343783645af29d
Python Developer,RecruiterDNA,"Reston, VA",https://www.indeed.com/viewjob?jk=e644c7e09725214c
Entry-level Intern-to-hire Junior Data Analyst and Trading Operations,Quantbot Technologies LP,"New York, NY",https://www.indeed.com/viewjob?jk=01316999e7c5e269
Data Associate,EMC Research,Remote,https://www.indeed.com/viewjob?jk=18e554f63f4ea1c7
Junior Developer - Python,Akuna Capital,"Chicago, IL",https://www.indeed.com/viewjob?jk=0b2c553a665c7d64
Python Developer Remote,Vegazva Engineering Private Limited,Remote,https://www.indeed.com/viewjob?jk=b91a460f22c4b364
Product Strategist,Indeed,Remote,https://www.indeed.com/viewjob?jk=ee2f8c08d84657d7
Data Scientist/Senior - Senior Health Solutions,Mutual of Omaha,"Omaha, NE",https://www.indeed.com/viewjob?jk=018dfb5ef668e54f
Early career data scientist / analyst / statistical geneticist,Data Tecnica,"Glen Echo, MD",https://www.indeed.com/viewjob?jk=b6506065408f4f15
Python Software Developer,ProModel Corporation,Remote,https://www.indeed.com/viewjob?jk=0ccc72853dcec011
Remote Training and Placement in Python Developer precision technologies,Precision technologies corp pvt ltd,"Edison, NJ",https://www.indeed.com/viewjob?jk=4d85bb4ceed2f627
Python Developer,doxo,"Seattle, WA",https://www.indeed.com/viewjob?jk=1be7676968b009ac
Associate / Senior Associate - Carbon Free Electricity,Rocky Mountain Institute,"Basalt, CO",https://www.indeed.com/viewjob?jk=577d136d327db562
Software Engineer,Integrity Marketing Group,"Omaha, NE",https://www.indeed.com/viewjob?jk=0e9af5a48a4b4ba9
Full Stack Developer Intern,Tech For Good Inc,Remote,https://www.indeed.com/viewjob?jk=4a6880453990f4b1
iOS Swift Developer,NaviRetail,Remote,https://www.indeed.com/viewjob?jk=7f07e161b3b8e25f
Python Developer,vArida-Tech Inc,Remote,https://www.indeed.com/viewjob?jk=c86239f51f7a0d0c
Predictive Modeler,Lancer Insurance Company,Remote,https://www.indeed.com/viewjob?jk=2b333788199fd8ed
Full Stack Python Developer,AMcards.com,"Lake Mary, FL",https://www.indeed.com/viewjob?jk=bd8570ef419b1657
Rating Analyst,S&P Global,"Centennial, CO",https://www.indeed.com/viewjob?jk=55a635b893c464ef
Intern - BI Development & Analytics (Remote),Emergent Holdings,United States,https://www.indeed.com/viewjob?jk=0b4bb1741bca9624
BI Developer - WFH,Samiti Technology,Remote,https://www.indeed.com/viewjob?jk=db2f848ed3a4f33e
Python Coding Instructor,Golden Bear Education (Newark Center),Remote,https://www.indeed.com/viewjob?jk=055bad11e7e86483
National Security and Intelligence Analysis Internship Summer 2021,Institute for the Study of War,"Washington, DC",https://www.indeed.com/viewjob?jk=05ac48961ca0165d
Senior Product Operations Associate,Indeed,Remote,https://www.indeed.com/viewjob?jk=d0ca8aee9a258e23
Jr. Software Engineer I (100% Remote),Windstream Communications,Remote,https://www.indeed.com/viewjob?jk=2b3ce70a10ac4d1f
Data Analyst,Radiant Digital,Remote,https://www.indeed.com/viewjob?jk=3a316abc6e0f6376
Astrophysicist,US Other Agencies and Independent Organizations,"Hilo, HI",https://www.indeed.com/viewjob?jk=4a3f1b98a44aa92b
Content Creator,LeetCode,Remote,https://www.indeed.com/viewjob?jk=e94af63cb41ad9b5
Associate / Senior Associate - Carbon Free Electricity,Rocky Mountain Institute,"Basalt, CO",https://www.indeed.com/viewjob?jk=577d136d327db562
Linux Administrator,Eckoh,"Omaha, NE",https://www.indeed.com/viewjob?jk=71f2dab686da057c
Trader,IMC Financial Markets,"Chicago, IL",https://www.indeed.com/viewjob?jk=8606a4f6100ae33d
"Service Development Engineer - Opportunity for Working Remotely Seattle, WA",VMware,"Seattle, WA",https://www.indeed.com/viewjob?jk=bac2f52b9c3e8cfe
Energy & Climate Research Analyst,Global Energy Monitor,Remote,https://www.indeed.com/viewjob?jk=1439bc051fc27864
Python Developer,Sky Solutions,"Bellevue, WA",https://www.indeed.com/viewjob?jk=17aeeef0ede4fc11
Full Stack Developer (Python/ React),Digitalogy Consulting,United States,https://www.indeed.com/viewjob?jk=28ae55d1edc6aef7
"MACHINE LEARNING ENGINEER - PYTHON, TENSORFLOW",InspiHER Tech,United States,https://www.indeed.com/viewjob?jk=a754b1fae51c41d2
Credit Risk Modeler,Evalueserve,Remote,https://www.indeed.com/viewjob?jk=5c58d1f2ef149902
Software Engineer,ClearlyRated,Remote,https://www.indeed.com/viewjob?jk=0edcdb98739343cb
Junior Data Engineer / Entry Level Opportunities,PCS Global Tech,"Wayne, PA",https://www.indeed.com/viewjob?jk=4c873a841229ed29
Python Full Stack Developer,Nasscomm,Remote,https://www.indeed.com/viewjob?jk=bce7e45a6ec30735
Python Developer,Swan Software Solutions,"Carmel, IN",https://www.indeed.com/viewjob?jk=32eaa9e1e80e8c5d
Intern - Data Analytics,Stockpile,"Palo Alto, CA",https://www.indeed.com/viewjob?jk=ee5437eb16fb6507
Engineering Aide / Designer,LOCKHEED MARTIN CORPORATION,"Englewood, CO",https://www.indeed.com/viewjob?jk=34c04bef34dfdbdd
Python Developer / Machine Learning Engineer,Imidex,"Denver, CO",https://www.indeed.com/viewjob?jk=19708a5f64715de8
Django Python Web Developer,Bee Data Technologies,"Chicago, IL",https://www.indeed.com/viewjob?jk=5db4e3b45b08f56f
Development/Data Operations,ThirtySixteen Group,"Irving, TX",https://www.indeed.com/viewjob?jk=cb2fe845d9731dae
Python Developer,LT Technology Services,"Mossville, IL",https://www.indeed.com/viewjob?jk=b4e3ca89c83898fd
Summer Intern - Quality & Process Improvement,"Fiserv, Inc.","Omaha, NE",https://www.indeed.com/viewjob?jk=d3503084676610a7
Python Developer,RecruiterDNA,"Reston, VA",https://www.indeed.com/viewjob?jk=e644c7e09725214c
College Engineering Intern,LOCKHEED MARTIN CORPORATION,"Manassas, VA",https://www.indeed.com/viewjob?jk=cdbb317e86c02eb5
Python Engineer,B2B Commercial Systems Inc.,Delaware,https://www.indeed.com/viewjob?jk=e66e13c7719f8a16
Strategy & Analytics Analyst,Frontier Communications,Remote,https://www.indeed.com/viewjob?jk=ba71974930fa27d3
Python Software Developer,ProModel Corporation,Remote,https://www.indeed.com/viewjob?jk=0ccc72853dcec011
"Analyst, Business Operations & Strategy",Yelp,Remote,https://www.indeed.com/viewjob?jk=deb5c8a793dff782
Data Scientist - Analytics,Acorn Analytics,Remote,https://www.indeed.com/viewjob?jk=3d5724ad39c214bb
Data Analyst,Four Winds Interactive,Remote,https://www.indeed.com/viewjob?jk=8ffe129c1261cb89
Environment Modeler,Walt Disney Animation Studios,"Burbank, CA",https://www.indeed.com/viewjob?jk=7ca6d111e46219a9
"Associate, HCM4875953",Goldman Sachs,"Salt Lake City, UT",https://www.indeed.com/viewjob?jk=1d30333d0bca7e00
Sr. Python API Developer,Maddisoft,"Boulder, CO",https://www.indeed.com/viewjob?jk=012e2f7b968a32f4
Predictive Modeler,Lancer Insurance Company,Remote,https://www.indeed.com/viewjob?jk=2b333788199fd8ed
Programmer Analyst I/II (2 openings),ALLETE,"Duluth, MN",https://www.indeed.com/viewjob?jk=bae4c366d520eff8
Python Developer (Remote/ Full Time),TEKsystems,"McLean, VA",https://www.indeed.com/viewjob?jk=223d7eecea6be170
Python Consultant,Accenture,"Seattle, WA",https://www.indeed.com/viewjob?jk=2ed7a4943693d5c5
Data Scientist,Mapjects.com,"Washington, DC",https://www.indeed.com/viewjob?jk=3caf48f3729dbcd8
Python Developer,PerchHQ,Remote,https://www.indeed.com/viewjob?jk=38181a8ebe650bbc
"Entry-Level Data Positions (Data Engineer, Machine Learning & Visualization)",Citi,"Irving, TX",https://www.indeed.com/viewjob?jk=d2e8a5eaac52a039
Machine Learning Engineer,Affinaquest,Remote,https://www.indeed.com/viewjob?jk=6595c841592a3be1
R&D Intern (virtual internship),TaylorMade Golf Company,"Carlsbad, CA",https://www.indeed.com/viewjob?jk=c8deeb156f233ead
iOS Swift Developer,NaviRetail,Remote,https://www.indeed.com/viewjob?jk=7f07e161b3b8e25f
Data Analyst,Radiant Digital,Remote,https://www.indeed.com/viewjob?jk=3a316abc6e0f6376
Junior Data Scientist,Jane.com,"Lehi, UT",https://www.indeed.com/viewjob?jk=ab5ff26d1b4f11b5
Python Developer with Golang,Takgence Inc,"Austin, TX",https://www.indeed.com/viewjob?jk=f98c621a919e93d0
Quantitative Analyst,O'Neil Global Advisors,Remote,https://www.indeed.com/viewjob?jk=269f7dcca82ca6ec
Frontend Engineering Internship,RELAYR,"Chicago, IL",https://www.indeed.com/viewjob?jk=81e76e4a6fa3685b
Python Instructor,Chicago North Shore Chinese Center,Remote,https://www.indeed.com/viewjob?jk=20b1a967af7a3125
Python Developer with QE,"Simplex info systems Inc,",Remote,https://www.indeed.com/viewjob?jk=5577a1cefccd66a2
Data Engineer / Full Stack,"Lakewood Ranch Search and Recruiting, Inc.",Remote,https://www.indeed.com/viewjob?jk=b991e0ae28b6c6f9
Educational Research Analyst,SEIU 775 Benefits Group,Remote,https://www.indeed.com/viewjob?jk=e882084bb56deb67
Python Developer,Swan Software Solutions,"Carmel, IN",https://www.indeed.com/viewjob?jk=32eaa9e1e80e8c5d
Python Data Engineer - Azure,Intellisoft Inc,Remote,https://www.indeed.com/viewjob?jk=879488f15514266d
Python Coding Instructor,Golden Bear Education (Newark Center),Remote,https://www.indeed.com/viewjob?jk=055bad11e7e86483
"Customer Data Scientist I (Houston, TX)",HEB,"San Antonio, TX",https://www.indeed.com/viewjob?jk=04b526a607340b26
Sr. Python API Developer,Maddisoft,"Boulder, CO",https://www.indeed.com/viewjob?jk=012e2f7b968a32f4
"Scientist, Neuroscience",BioClinica,Remote,https://www.indeed.com/viewjob?jk=0eb89500682eafdd
"SAS, Python, Hadoop/Hive - Application Developer (USC or GC Holder)",CLS Bank International,"Pittsburgh, PA",https://www.indeed.com/viewjob?jk=f039b3620429e019
Desktop Technician,"Home Instead, Inc.","Omaha, NE",https://www.indeed.com/viewjob?jk=adb4c8bff92bb18e
"Senior Software Engineer (AWS, Java, Python)",DSMH LLC,"Peoria, IL",https://www.indeed.com/viewjob?jk=9e0f1f6143589d37
"Desktop Support Technician, Gigafactory Texas",Tesla,"Austin, TX",https://www.indeed.com/viewjob?jk=b47634b7979e40a1
C# .NET Instructor,"AIM Institute, Inc.","Omaha, NE",https://www.indeed.com/viewjob?jk=9d5eca964418d7c7
Data Science Intern,Root Insurance Company,Remote,https://www.indeed.com/viewjob?jk=f4143adb5baac3fd
Revenue Operations,SafeGraph,Remote,https://www.indeed.com/viewjob?jk=c60cf2022e98cc70
Corn Germplasm Process Scientist,Syngenta,"Stanton, MN",https://www.indeed.com/viewjob?jk=c93f55e22445eafa
"Software Engineer (Python, AL, ML)",Sagebeans,"New York, NY",https://www.indeed.com/viewjob?jk=12f3c39ba24cdc45
Engineering Internship (Platform Team),RStudio,Remote,https://www.indeed.com/viewjob?jk=c290f2877a75497f
National Security and Intelligence Analysis Internship Summer 2021,Institute for the Study of War,"Washington, DC",https://www.indeed.com/viewjob?jk=05ac48961ca0165d
Machine Learning Engineer,Affinaquest,Remote,https://www.indeed.com/viewjob?jk=6595c841592a3be1
2021 Summer Intern - Application Dev,ADP,"Pasadena, CA",https://www.indeed.com/viewjob?jk=8c4dc17cca9e90c8
Data Analyst,Next Level Technology Inc.,"Rochester, MN",https://www.indeed.com/viewjob?jk=a887af27f90f0a6e
MTS I,"Advanced Energy Industries, Inc","Fort Collins, CO",https://www.indeed.com/viewjob?jk=4edd5cdda85780ea
"Data Science Intern, Summer 2021 (Remote)",Ripple,"San Francisco, CA",https://www.indeed.com/viewjob?jk=86a5175697cc0493
Backend Software Engineer,Human Capital Resource,Remote,https://www.indeed.com/viewjob?jk=1812404e9bc0e40a
Python Developer,PerchHQ,Remote,https://www.indeed.com/viewjob?jk=38181a8ebe650bbc
Trading Analytics Summer Internship,National Life Group,Remote,https://www.indeed.com/viewjob?jk=804a08d5be253bbe
Python developer with Databicks knowledge,Raps Consulting Inc.,"Nashville, TN",https://www.indeed.com/viewjob?jk=162a185272bd9e2f
Strategy & Analytics Analyst,Frontier Communications,Remote,https://www.indeed.com/viewjob?jk=ba71974930fa27d3
Energy & Climate Research Analyst,Global Energy Monitor,Remote,https://www.indeed.com/viewjob?jk=1439bc051fc27864
Threat Intelligence Senior Analyst (Remote Eligible),Best Buy,"Richfield, MN",https://www.indeed.com/viewjob?jk=41f6b257072418a0
"Data Scientist(Machine Learning,Deep Learning,Python,R)- USC/ GC (TX,GA,NY)",Brilliant Infotech,"Atlanta, GA",https://www.indeed.com/viewjob?jk=1abde5418821db73
Intern.220496,Scientific Games,"Reno, NV",https://www.indeed.com/viewjob?jk=c56a3cb85d700a0b
Data Analyst (Data Compilation),SNA International,"Offutt AFB, NE",https://www.indeed.com/viewjob?jk=e1391369b557fdfd
Jr. Python Developer,Redzara.com,"Dallas, TX",https://www.indeed.com/viewjob?jk=b449e038f15c6fcc
Data Science Analyst,OTC Direct Inc,"Omaha, NE",https://www.indeed.com/viewjob?jk=30d3e4c893af95ec
Full Stack Developer,Slant 3D,Remote,https://www.indeed.com/viewjob?jk=88b2260e1fe1031a
Senior Analyst - SQL/Python,Ascension,"St. Louis, MO",https://www.indeed.com/viewjob?jk=e7f1ea38082aaa8e
"Junior Data Scientist, ML R&D","LockerDome, Inc.",Remote,https://www.indeed.com/viewjob?jk=f520fca7843c3c7c
Data Science Tutors,Nestria,Remote,https://www.indeed.com/viewjob?jk=5569ff6a5b0e3785
Python Developer,Pernix,"Plano, TX",https://www.indeed.com/viewjob?jk=c927db31df35adb7
Python/Perl Programmer,"BookTrolls, LLC","Houston, TX",https://www.indeed.com/viewjob?jk=0ab8133a6722a325
Data Science Intern,Beckman Coulter Diagnostics,"Chaska, MN",https://www.indeed.com/viewjob?jk=fd6597df5d4f37b0
Python Software Engineer,bloomon,"Amsterdam, Netherlands",https://stackoverflow.com/jobs/515564
"Software Engineer, Python",YouGov,"Warsaw, Poland",https://stackoverflow.com/jobs/522728
Senior Backend Engineer (Python/Django),NewtonX,"New York, NY",https://stackoverflow.com/jobs/470973
Senior Marketing Software Engineer (Python) - 5605,"Chewy, Inc.","Dania Beach, FL",https://stackoverflow.com/jobs/501814
Senior Python Developer,Trafilea,No office location,https://stackoverflow.com/jobs/501177
Python Software Engineer,Captivation Software,"Fort Meade, MD",https://stackoverflow.com/jobs/449506
Software Developer (Python),Picnic,"Amsterdam, Netherlands",https://stackoverflow.com/jobs/292346
Senior Software Developer Python (m/f/d),Ströer Online Marketing,"Hamburg, Deutschland",https://stackoverflow.com/jobs/462625
Senior Python Developer Remote (f/m/d),Ambient Innovation: GmbH,No office location,https://stackoverflow.com/jobs/493874
Backend Python Engineer,SQUAD,"Kyiv, Ukraine",https://stackoverflow.com/jobs/518175
"Senior Software Engineer, Python",Genesys,"Durham, NC",https://stackoverflow.com/jobs/522071
Senior Backend Engineer - Python,Cornershop,"São Paulo, Brazil",https://stackoverflow.com/jobs/515697
Principal Python Engineer,ComplyAdvantage,"London, UK",https://stackoverflow.com/jobs/504216
Backend Engineer (Python),Zattoo,"Berlin, Germany",https://stackoverflow.com/jobs/472439
Software Developer (Python),Nexthink,"Prilly, Switzerland",https://stackoverflow.com/jobs/471159
"Full-stack developer (Python, Django, AWS, React)",Tuune,"London, UK",https://stackoverflow.com/jobs/521987
Full-stack Python developer in a MedTech startup,QMENTA,"Barcelona, Spain",https://stackoverflow.com/jobs/522795
Django / Python Developer,Divio,"Stockholm, Sweden",https://stackoverflow.com/jobs/519517
Python Developer,UKG (Ultimate Kronos Group),No office location,https://stackoverflow.com/jobs/487629
Python Backend Developer,Werum IT Solutions - inCyght Data Science,"Budapest, Ungarn",https://stackoverflow.com/jobs/372243
Développeur Crafteur .Net ou Python,Arolla,"Paris, France",https://stackoverflow.com/jobs/501121
Full-Stack Engineer (Python OR Javascript),Neo4j,"Malmö, Sweden",https://stackoverflow.com/jobs/362199
Développeur Backend Python Senior (F/H),Thegreendata,"Paris, France",https://stackoverflow.com/jobs/515492
Python Architect - REMOTE WORK,BairesDev LLC,No office location,https://stackoverflow.com/jobs/514657
Senior Fullstack Engineer - Python / Django / React,StyleSeat,No office location,https://stackoverflow.com/jobs/522691
Sr. Python Software Engineer,Global Reach Consulting LLC,"Reston, VA",https://stackoverflow.com/jobs/417839
Python Software Engineer (40h/wk),Channable,"Utrecht, Netherlands",https://stackoverflow.com/jobs/265091
Software Engineer (Python),Pagefreezer,No office location,https://stackoverflow.com/jobs/501239
Senior Backend Python Developer (Copenhagen),GameAnalytics,"Copenhagen, Denmark",https://stackoverflow.com/jobs/510434
"Senior Software Engineer, Python",YouGov,No office location,https://stackoverflow.com/jobs/514399
Python Developer,Octopus Energy,"London, UK",https://stackoverflow.com/jobs/468269
Senior Full-Stack Django/Python Developer,"Share Edge, LLC","Manhattan Beach, CA",https://stackoverflow.com/jobs/501234
Python Developer - REMOTE WORK,BairesDev LLC,No office location,https://stackoverflow.com/jobs/516938
Backend Engineer (Python/ Django),Sector Labs,"Dubai, United Arab Emirates",https://stackoverflow.com/jobs/518496
Senior Python Software Developer - Remote,Upstack,No office location,https://stackoverflow.com/jobs/422072
Python Developer,Addison Group,"Washington, DC",https://stackoverflow.com/jobs/501812
"Scala/Go/Python Software Engineer - DevOps, MicroServices and Drug Discovery",Medicines Discovery Catapult,"Alderley Edge, UK",https://stackoverflow.com/jobs/459707
Senior Python Software Engineer - Search,Cookpad Limited,"Bristol, UK",https://stackoverflow.com/jobs/472388
Python Software Developer_in (w/m/d),Next Kraftwerke GmbH,"Köln, Germany",https://stackoverflow.com/jobs/518482
Software Ingenieur Java/Python (m/w/d) Netzinformationssystem,Stadtwerke München GmbH,"München, Deutschland",https://stackoverflow.com/jobs/516836
Zwei Webentwickler Python/Django (w/m/d),Rheinwerk Verlag GmbH,"Bonn, Germany",https://stackoverflow.com/jobs/516382
Python developer for VoIP service provider,TelSmart,"Zagreb, Croatia",https://stackoverflow.com/jobs/435753
Python Web Developer,RavenPack International SL.,"Marbella, Spain",https://stackoverflow.com/jobs/470988
Python Developer - Internal Systems,Zyte (formerly Scrapinghub),No office location,https://stackoverflow.com/jobs/522489
Senior Python Backend Engineer,Outliant,No office location,https://stackoverflow.com/jobs/501800
Développeur Crafteur .Net ou Python,Arolla,"Paris, France",https://stackoverflow.com/jobs/501121
Back-End Developer - Node.js OR Python,Imaginary Cloud,"Lisbon, Portugal",https://stackoverflow.com/jobs/520323
Senior Python Engineer,YouGov,No office location,https://stackoverflow.com/jobs/509007
Senior Software Engineer Backend Python (m/f/d),BASF,"Köln, Deutschland",https://stackoverflow.com/jobs/466263
C++ and Python software engineers - Metrology,ASML,"Veldhoven, Netherlands",https://stackoverflow.com/jobs/518493
Sr. Python Software Engineer,Global Reach Consulting LLC,"Reston, VA",https://stackoverflow.com/jobs/417839
Senior Python Engineer,Bulb Energy,"London, UK",https://stackoverflow.com/jobs/396265
Software Engineer (Python),Pagefreezer,No office location,https://stackoverflow.com/jobs/501239
Full Stack Engineer - Javascript/Python,Zumper,"Providence, RI",https://stackoverflow.com/jobs/446582
"Software Engineer (m/f/d) Python, C++, GO or JavaScript",ProSiebenSat.1 Media SE,"München, Deutschland",https://stackoverflow.com/jobs/497098
Développeur Crafteur .Net ou Python,Arolla,"Paris, France",https://stackoverflow.com/jobs/501121
"Senior Software Engineer, Python",YouGov,No office location,https://stackoverflow.com/jobs/514399
Senior Full-Stack Django/Python Developer,"Share Edge, LLC","Manhattan Beach, CA",https://stackoverflow.com/jobs/501234
Python Developer - REMOTE WORK,BairesDev LLC,No office location,https://stackoverflow.com/jobs/516938
Senior Python Developer at FinTech AI Company,Itemize,No office location,https://stackoverflow.com/jobs/495699
"Awesome Full-Stack Software Engineer - Java, Python, JavaScript (Fully Cleared)",Erias Ventures,"Annapolis Junction, MD",https://stackoverflow.com/jobs/432032
Software Engineer - Python,Hearst Magazines,"New York, NY",https://stackoverflow.com/jobs/485603
Python Software Engineer (40h/wk),Channable,"Utrecht, Netherlands",https://stackoverflow.com/jobs/458136
Senior Fullstack Engineer - Python / Django / React,StyleSeat,No office location,https://stackoverflow.com/jobs/522691
Backend developer (Python/Django) with a passion for open source,5 Monkeys Agency ABvia5 Monkeys Agency AB,"Göteborg, Sweden",https://stackoverflow.com/jobs/518076
Senior Software Engineer - Python,Andela,No office location,https://stackoverflow.com/jobs/515967
"Senior Software Engineer, Python and Node.js",MobSquad,"Toronto, ON, Canada",https://stackoverflow.com/jobs/449503
Python Backend Developer (m/f/d) Vollzeit / Teilzeit,Favox GmbH,"Hamburg, Deutschland",https://stackoverflow.com/jobs/516375
Senior Python Backend Engineer,Outliant,No office location,https://stackoverflow.com/jobs/501800
Python Backend Developer (m/f/d) - Industrial Data Science and Software,Smart Steel Technologies GmbH,"Berlin, Germany",https://stackoverflow.com/jobs/334428
QA Engineer (Python/Java),Flow Traders,"Amsterdam, Netherlands",https://stackoverflow.com/jobs/421752
Python Software Engineer,QuantumBlack,"London, UK",https://stackoverflow.com/jobs/372731
Senior Software Engineer - PYTHON - 4-day Week!!,AdministrateviaHays PLC,No office location,https://stackoverflow.com/jobs/522422
Softwareentwickler (m/w/d) Backend Python/Go,Hetzner Cloud GmbH,"Unterföhring, Deutschland",https://stackoverflow.com/jobs/272624
Python Developer,ShipHero,No office location,https://stackoverflow.com/jobs/521121
Python Engineer,"TileDB, Inc.","Cambridge, MA",https://stackoverflow.com/jobs/419347
Python Developer,Blackshark.ai GmbH,"Graz, Austria",https://stackoverflow.com/jobs/474475
Senior Backend Developer (Python/Apache Kafka),dresslife,"Hanover, Germany",https://stackoverflow.com/jobs/509392
Python Software Engineer,Trilliant Health,"Nashville, TN",https://stackoverflow.com/jobs/456801
Lead/Principal Data Engineer - Python - 100% remote,Cazana,"London, UK",https://stackoverflow.com/jobs/500534
Python Software Engineer,Sav.com,"Chicago, IL",https://stackoverflow.com/jobs/515692
Senior Python Engineer,QuantumBlack,"London, UK",https://stackoverflow.com/jobs/520623
Senior Python Developer at FinTech AI Company,Itemize,No office location,https://stackoverflow.com/jobs/495699
Python Developer,Marketer Technologies AS,No office location,https://stackoverflow.com/jobs/518200
"Lead Engineer - Python, MySQL, VueJS",Tails.com,"Richmond, UK",https://stackoverflow.com/jobs/391983
Enthousiastic Full-stack Developer with a Python-Django preference!,Apicbase Belgium,No office location,https://stackoverflow.com/jobs/515716
Full Stack Python / Django / React Dev for Awesome Saas,"Lead Sherpa, Inc.","Denver, CO",https://stackoverflow.com/jobs/522688
Lead Python Developer,Mashtraxx,No office location,https://stackoverflow.com/jobs/518922
Senior Fullstack Python Developer,Backtracks,No office location,https://stackoverflow.com/jobs/509421
Full-stack Engineer (Python/JavaScript/React),Susten Capital Management Inc.,"Chuo City, Japan",https://stackoverflow.com/jobs/521729
Senior Python Developer,Extreme Engineering Solutions (X-ES),"Verona, WI",https://stackoverflow.com/jobs/512241
Software Engineer - Python,Hearst Magazines,"New York, NY",https://stackoverflow.com/jobs/485603
(Senior) Python Developer,Centogene GmbH,"Beograd, Serbia",https://stackoverflow.com/jobs/505596
Python/Javascript Engineer,Memri B.V,No office location,https://stackoverflow.com/jobs/495079
Python Software Developer,UBIMET GmbH,"Wien, Österreich",https://stackoverflow.com/jobs/412367
Senior Python Back End Engineer (Remote-LatAm),Loadsmart,No office location,https://stackoverflow.com/jobs/508341
QA Engineer (Python/Java),Flow Traders,"Amsterdam, Netherlands",https://stackoverflow.com/jobs/421752
Senior Software Engineer - C++/Python,Optibrium,No office location,https://stackoverflow.com/jobs/519482
Python Backend Engineer,Skillhouse Staffing Solutions,"Tokyo, Japan",https://stackoverflow.com/jobs/465919
Python Developer,ShipHero,No office location,https://stackoverflow.com/jobs/521121
